descricao,status,contexto,decisao,justificativa,consequencias_positivas,consequencias_negativas,riscos,alternativas_consideradas,compliance_constitution,adr_substituta_sequencia,referencias
"Uso de Arquitetura de Microsserviços",Aceito,"Sistema monolítico atual apresenta dificuldades de escalabilidade e manutenção","Migrar para arquitetura de microsserviços com comunicação via API Gateway e mensageria","Melhor escalabilidade, deploy independente, facilita manutenção e evolução","Escalabilidade horizontal, deploy independente, isolamento de falhas, tecnologias heterogêneas","Complexidade operacional aumentada, overhead de comunicação entre serviços, necessidade de orquestração","Maior complexidade no monitoramento, possível degradação de performance na comunicação inter-serviços","Arquitetura monolítica modular, SOA (Service-Oriented Architecture), Serverless","Alinhado com princípios de escalabilidade e manutenibilidade definidos na Constitution",,"[Microservices Pattern](https://microservices.io/) | [Martin Fowler - Microservices](https://martinfowler.com/articles/microservices.html)"
"Banco de Dados MySQL para Persistência Principal",Aceito,"Necessidade de um banco de dados relacional robusto e confiável para armazenamento de dados críticos","Adotar MySQL 8.0 como banco de dados principal com replicação master-slave","MySQL oferece maturidade, performance adequada e recursos avançados (JSON, full-text search, particionamento)","Alta disponibilidade com replicação, suporte a transações ACID, comunidade ativa, ferramentas maduras","Limitações em escalabilidade horizontal, complexidade em sharding manual","Lock contention em alta concorrência, custos de hardware para replicação",,"PostgreSQL (maior conformidade com SQL padrão), MongoDB (NoSQL document-based)","Conformidade com requisitos de integridade de dados da Constitution",,"[MySQL 8.0 Reference](https://dev.mysql.com/doc/refman/8.0/en/) | [High Availability Guide](https://dev.mysql.com/doc/mysql-ha-scalability/en/)"
"Docker e Kubernetes para Containerização e Orquestração",Aceito,"Necessidade de ambientes consistentes entre desenvolvimento e produção, facilitar deploy e escalabilidade","Utilizar Docker para containerização e Kubernetes para orquestração de containers","Ambientes consistentes, facilita CI/CD, escalabilidade automática, melhor utilização de recursos","Portabilidade entre ambientes, rollback facilitado, auto-healing, service discovery automático","Curva de aprendizado, overhead de recursos, complexidade na configuração inicial","Configuração incorreta pode levar a problemas de segurança, dependência de conhecimento especializado","Docker Swarm (mais simples mas menos recursos), VMs tradicionais, Serverless","Alinhado com princípios de DevOps e automação da Constitution",,"[Kubernetes Documentation](https://kubernetes.io/docs/) | [Docker Best Practices](https://docs.docker.com/develop/dev-best-practices/)"
"React com TypeScript para Frontend",Aceito,"Necessidade de framework frontend moderno com tipagem forte para reduzir erros em runtime","Adotar React 18+ com TypeScript para desenvolvimento do frontend","React tem ecossistema maduro, TypeScript adiciona segurança de tipos e melhor manutenibilidade","Type safety, melhor IDE support, componentes reutilizáveis, ecossistema rico","Bundle size maior comparado a alternativas, complexidade adicional do TypeScript para novos desenvolvedores","Possível over-engineering em componentes simples, necessidade de aprendizado de TypeScript","Vue.js com TypeScript (mais simples), Angular (framework completo), Svelte (compilador)","Conformidade com requisitos de qualidade de código e manutenibilidade",,"[React Documentation](https://react.dev/) | [TypeScript Handbook](https://www.typescriptlang.org/docs/)"
"API REST com Node.js e Express",Aceito,"Necessidade de API backend performática e com amplo suporte da comunidade","Implementar API REST usando Node.js com framework Express","Node.js oferece performance adequada, Express é maduro e tem vasto ecossistema de middlewares","Performance em I/O, single language stack (JS), vasto ecossistema npm, fácil integração com React","Limitações em processamento CPU-intensive, callback hell se não usado async/await corretamente","Memory leaks se não gerenciado corretamente, single-threaded pode ser gargalo","Fastify (mais performático), NestJS (framework opinativo), Java Spring Boot, Python FastAPI","Alinhado com stack tecnológico definido na Constitution",,"[Express.js Guide](https://expressjs.com/en/guide/routing.html) | [Node.js Best Practices](https://github.com/goldbergyoni/nodebestpractices)"
"Autenticação JWT com OAuth 2.0",Proposto,"Necessidade de sistema de autenticação seguro e escalável para APIs","Implementar autenticação baseada em JWT (JSON Web Tokens) com fluxo OAuth 2.0","JWT permite autenticação stateless, OAuth 2.0 é padrão da indústria para autorização","Escalabilidade (stateless), suporte cross-domain, integração com provedores externos (Azure AD, Google)","Tokens podem ser roubados se não bem protegidos, necessidade de refresh token strategy","Token hijacking, necessidade de gerenciar expiração e revogação de tokens","Session-based authentication, SAML, Auth0 como serviço gerenciado","Conformidade com requisitos de segurança da Constitution",,"[JWT.io](https://jwt.io/) | [OAuth 2.0 RFC](https://datatracker.ietf.org/doc/html/rfc6749)"
"Logging Centralizado com ELK Stack",Planejado,"Necessidade de centralizar logs de múltiplos serviços para facilitar debugging e monitoramento","Implementar stack Elasticsearch, Logstash e Kibana (ELK) para agregação e visualização de logs","Centralização facilita troubleshooting, Kibana oferece visualizações poderosas, Elasticsearch permite buscas rápidas","Busca rápida em logs, visualizações customizáveis, alertas configuráveis, escalável","Consumo significativo de recursos, complexidade de configuração e manutenção","Custo de infraestrutura, curva de aprendizado do Elasticsearch DSL","Grafana Loki (mais leve), Splunk (proprietário), CloudWatch (AWS), Application Insights (Azure)","Alinhado com requisitos de observabilidade",,"[Elastic Stack Guide](https://www.elastic.co/guide/index.html) | [Logging Best Practices](https://www.datadoghq.com/blog/logging-best-practices/)"
"CI/CD com GitHub Actions",Aceito,"Necessidade de pipeline automatizado de integração e deploy contínuo","Utilizar GitHub Actions para CI/CD com deploy automatizado em ambientes staging e produção","Integração nativa com GitHub, configuração declarativa via YAML, runners gratuitos para projetos open-source","Automação completa do pipeline, integração com GitHub, vasto marketplace de actions","Limitações em runners gratuitos (tempo de execução), vendor lock-in com GitHub","Falhas em actions podem bloquear deploys, necessidade de secrets management adequado","GitLab CI/CD, Azure DevOps Pipelines, Jenkins (self-hosted), CircleCI","Conformidade com práticas de DevSecOps da Constitution",,"[GitHub Actions Documentation](https://docs.github.com/en/actions) | [CI/CD Best Practices](https://github.com/actions/toolkit)"
"Monitoramento com Prometheus e Grafana",Planejado,"Necessidade de monitoramento de métricas de aplicações e infraestrutura em tempo real","Implementar Prometheus para coleta de métricas e Grafana para visualização e alertas","Prometheus é padrão da indústria para métricas de containers, Grafana oferece dashboards poderosos","Métricas em tempo real, alertas configuráveis, integração nativa com Kubernetes, query language poderosa (PromQL)","Armazenamento de longo prazo limitado, necessidade de configuração de retenção","Configuração inicial complexa, necessidade de exporters para algumas métricas","Datadog (SaaS completo), New Relic (APM completo), CloudWatch (AWS), Azure Monitor","Alinhado com requisitos de observabilidade e SLA monitoring",,"[Prometheus Documentation](https://prometheus.io/docs/) | [Grafana Dashboards](https://grafana.com/grafana/dashboards/)"
"Cache com Redis para Performance",Aceito,"Necessidade de reduzir latência em queries frequentes e melhorar performance geral","Implementar Redis como camada de cache para dados frequentemente acessados","Redis oferece performance excepcional (operações em memória), suporte a estruturas de dados avançadas","Latência ultra-baixa, redução de carga no banco de dados, suporte a pub/sub para eventos","Custo adicional de infraestrutura, complexidade na invalidação de cache","Cache invalidation bugs, memory limits podem causar eviction inesperado","Memcached (mais simples), Hazelcast (distribuído), Caffeine (in-memory local)","Conformidade com requisitos de performance",,"[Redis Documentation](https://redis.io/docs/) | [Caching Strategies](https://aws.amazon.com/caching/best-practices/)"